{
   "_tab_juke_anticipation": "ANTICIPATION",
    "_tab_juke_assault": "ASSAULT",
    "_tab_juke_control": "CONTROL",
    "_tab_juke_heist": "Heist tracks",
    "_tab_juke_menu": "Menu tracks",
    "_tab_juke_shuffle_tip": "Standalone by Synnef, credit to Dom and all poco maintainers!",
    "_tab_juke_stealth": "STEALTH",
    "_tab_juke_stop": "STOP",
    "_tab_jukebox": "Jukebox",
    "_tab_tools": "Jukebox",
    "_tab_options": "Options",
    "_opt_optionsMenuKey": "Options menu key",
    "_opt_optionsMenuKey_desc": "The key that opens this menu (BACKSPACE by default)",
    "_opt_showMusicTitle": "Show active song",
    "_opt_showMusicTitle_desc": "Whether or not to show a pop-up with the current song and its prefix on the top left of the screen",
    "_opt_showMusicTitlePrefix": "Active song prefix",
    "_opt_showMusicTitlePrefix_desc": "The message that will appear next to the currently playing song (\"NOW PLAYING:\" by default)",
    "_tab_root": "Options",
    "_opt_root_desc": "The mod's options",
    "_btn_apply_and_reload": "APPLY & RELOAD",
    "_desc_apply_and_reload": "Apply your changes and reload the mod",
    "_btn_discard": "DISCARD CHANGES",
    "_desc_discard": "Discard all the changes you have made (BLUE text)",
    "_btn_reset": "RESET OPTIONS",
    "_desc_reset": "Reset all options to their default value",
    "_desc_reset_ask": "Are you sure you want to proceed?",
    "_opt_language": "Language",
    "_opt_language_desc": "The language the mod will be displayed in. THIS IS A WORK IN PROGRESS!"
}
